{
    "APARTMENT": {
        "id": -0.004372297225743739,
        "post code": -0.008965095597175381,
        "Price": 1.0,
        "Median price PC": 0.5147649514268057,
        "Garden": 0.034863904016828234,
        "Terrace": 0.1324804687994953,
        "Living area": 0.5066562670466416,
        "Bedrooms": 0.3920082475153873,
        "Surface of the plot": NaN,
        "Garden surface": 0.05175518794131327,
        "Swimming pool": 0.031078221700851238,
        "Open fire": 0.11325038678957569,
        "Terrace surface": 0.3069788640303025,
        "Number of frontages": 0.05735668274467199,
        "Building condition": 0.18044190535763563,
        "Kitchen type": 0.16469305892584665
    },
    "HOUSE": {
        "id": 0.0356097393050197,
        "post code": -0.15983436484684393,
        "Price": 1.0,
        "Median price PC": 0.5041530580772475,
        "Garden": 0.06369652856017873,
        "Terrace": 0.12197121717840823,
        "Living area": 0.5209731037711804,
        "Bedrooms": 0.38471912160168736,
        "Surface of the plot": 0.35663510533696324,
        "Garden surface": 0.13921932905397283,
        "Swimming pool": 0.30602618204075605,
        "Open fire": 0.153917653033404,
        "Terrace surface": 0.12598649380298219,
        "Number of frontages": 0.21581375468710776,
        "Building condition": 0.2224875570689933,
        "Kitchen type": 0.22364121240118326
    },
    "OTHERS": {
        "id": 0.08237733275153382,
        "post code": -0.21994039569480753,
        "Price": 1.0,
        "Median price PC": 0.31082535725133165,
        "Garden": -0.008342787812018436,
        "Terrace": 0.1161339159094571,
        "Living area": 0.5998241945136685,
        "Bedrooms": 0.57836701675908,
        "Surface of the plot": 0.35206358161868456,
        "Garden surface": 0.1517222920777935,
        "Swimming pool": 0.2723950443954285,
        "Open fire": 0.11899583845091953,
        "Terrace surface": 0.18462881157834368,
        "Number of frontages": 0.255489139781611,
        "Building condition": 0.2849722705185927,
        "Kitchen type": 0.21007454362753547
    }
}